anchor_name,anchor_elo,score,games,score_pct,score_frac,score_ci95_lo,score_ci95_hi
sf2400,2400,6.5,32,20.3,0.203125,0.0637265732272464,0.3425234267727536
sf2450,2450,2.0,32,6.2,0.0625,0.0,0.14637001661797855
sf2500,2500,6.0,32,18.8,0.1875,0.052263661734354844,0.3227363382656452
sf2550,2550,2.0,32,6.2,0.0625,0.0,0.14637001661797855
sf2600,2600,5.5,32,17.2,0.171875,0.04115700267668285,0.3025929973233171
sf2650,2650,3.5,32,10.9,0.109375,0.001234703484460753,0.21751529651553925
sf2700,2700,1.5,32,4.7,0.046875,0.0,0.12011134351685473
sf2800,2800,0.0,32,0.0,0.0,0.0,0.0
