board_family,count,min,q1,median,q3,max,iqr,mean,whisker_low,whisker_high,outlier_count
0x88,23,1.461,1.609,1.873,2.6235,37.625,1.0145,3.553696,1.461,2.888,1
10x12 Board,25,1.492,1.714,1.745,2.008,10.966,0.294,2.251,1.492,2.386,4
Bitboards,28,2.994,3.271,3.3725,3.9275,25.467,0.6565,4.270036,2.994,4.072,1
Mailbox,28,1.536,1.6165,1.713,2.26575,11.702,0.64925,2.466857,1.536,2.704,2
