search_tier,count,min,q1,median,q3,max,iqr,mean,whisker_low,whisker_high,outlier_count
alpha_beta,22,1.461,1.59775,2.0875,3.8085,11.702,2.21075,3.195591,1.461,4.072,2
minimax,31,1.546,1.695,1.874,3.19,37.625,1.495,4.357194,1.546,4.069,3
negamax,21,1.492,1.709,1.76,2.863,4.006,1.154,2.318095,1.492,4.006,0
pruning_full,25,1.568,1.716,2.395,3.004,3.421,1.288,2.41916,1.568,3.421,0
pvs_id,5,1.712,1.745,1.998,3.285,3.368,1.54,2.4216,1.712,3.368,0
