board_family,count,min,q1,median,q3,max,iqr,mean,whisker_low,whisker_high,outlier_count
0x88,23,0.21,0.229,0.245,0.304,36.525,0.075,1.853696,0.21,0.387,2
10x12 Board,25,0.194,0.214,0.224,0.25,9.611,0.036,0.60708,0.194,0.298,1
Bitboards,28,0.245,0.253,0.273,0.30075,23.059,0.04775,1.101464,0.245,0.357,3
Mailbox,28,0.202,0.21875,0.2275,0.25175,9.971,0.033,0.8575,0.202,0.271,3
