eval_tier,count,min,q1,median,q3,max,iqr,mean,whisker_low,whisker_high,outlier_count
material_eval,2,0.22,0.25425,0.2885,0.32275,0.357,0.0685,0.2885,0.22,0.357,0
pst_eval,4,0.218,0.21875,0.223,0.22825,0.232,0.0095,0.224,0.218,0.232,0
rich_eval,87,0.194,0.2215,0.247,0.275,36.525,0.0535,0.982023,0.194,0.352,9
structural_eval,11,0.202,0.251,0.269,0.281,23.059,0.03,2.341273,0.23,0.288,3
