search_tier,count,min,q1,median,q3,max,iqr,mean,whisker_low,whisker_high,outlier_count
alpha_beta,22,0.217,0.23725,0.273,0.33225,9.971,0.095,1.151182,0.217,0.389,3
minimax,31,0.194,0.2205,0.245,0.2765,36.525,0.056,2.402097,0.194,0.357,4
negamax,21,0.204,0.22,0.233,0.28,0.444,0.06,0.257762,0.204,0.352,1
pruning_full,25,0.207,0.219,0.246,0.254,0.455,0.035,0.2498,0.207,0.274,2
pvs_id,5,0.206,0.232,0.25,0.26,0.266,0.028,0.2428,0.206,0.266,0
