search_tier,count,min,q1,median,q3,max,iqr,mean,whisker_low,whisker_high,outlier_count
alpha_beta,22,0.195,0.21375,0.247,0.2795,10.008,0.06575,1.103182,0.195,0.347,2
minimax,31,0.191,0.215,0.239,0.2845,35.738,0.0695,2.355355,0.191,0.378,3
negamax,21,0.202,0.221,0.224,0.253,0.297,0.032,0.237143,0.202,0.297,0
pruning_full,25,0.2,0.218,0.237,0.25,0.271,0.032,0.23556,0.2,0.271,0
pvs_id,5,0.214,0.224,0.233,0.261,0.269,0.037,0.2402,0.214,0.269,0
