eval_tier,count,min,q1,median,q3,max,iqr,mean,whisker_low,whisker_high,outlier_count
material_eval,2,0.208,0.2505,0.293,0.3355,0.378,0.085,0.293,0.208,0.378,0
pst_eval,4,0.214,0.2155,0.22,0.224,0.224,0.0085,0.2195,0.214,0.224,0
rich_eval,87,0.191,0.2175,0.237,0.261,35.738,0.0435,0.952908,0.191,0.306,7
structural_eval,11,0.2,0.235,0.25,0.2655,22.536,0.0305,2.271727,0.2,0.284,1
