board_family,count,min,q1,median,q3,max,iqr,mean,whisker_low,whisker_high,outlier_count
0x88,23,0.2,0.2125,0.224,0.2485,35.738,0.036,1.777174,0.2,0.262,2
10x12 Board,25,0.191,0.217,0.232,0.237,9.377,0.02,0.59412,0.191,0.257,2
Bitboards,28,0.241,0.2525,0.2665,0.2855,22.536,0.033,1.069357,0.241,0.331,3
Mailbox,28,0.195,0.2135,0.2195,0.2465,10.008,0.033,0.845929,0.195,0.284,2
