player,kind,games,wins,draws,losses,score,score_pct
sf2550,stockfish,24,19,3,2,20.5,85.41666666666666
sf2450,stockfish,24,18,0,6,18.0,75.0
phase2_10x12_ab_pvs_id,variant,48,17,2,29,18.0,37.5
stratified_variant_28,variant,48,16,2,30,17.0,35.41666666666667
phase3_full_eval,variant,48,15,3,30,16.5,34.375
sf2350,stockfish,24,15,1,8,15.5,64.58333333333334
sf2150,stockfish,24,15,0,9,15.0,62.5
sf2250,stockfish,24,14,1,9,14.5,60.416666666666664
sf2050,stockfish,24,8,2,14,9.0,37.5
