eval_tier,count,min,q1,median,q3,max,iqr,mean,whisker_low,whisker_high,outlier_count
material_eval,2,1.847,2.25275,2.6585,3.06425,3.47,0.8115,2.6585,1.847,3.47,0
pst_eval,4,1.557,1.61325,1.679,1.73075,1.745,0.1175,1.665,1.557,1.745,0
rich_eval,87,1.461,1.713,2.008,3.2385,37.625,1.5255,3.050816,1.461,4.072,4
structural_eval,11,1.578,1.7175,2.343,3.2445,25.467,1.527,4.476818,1.578,4.039,1
